Workbook

Sheet Overblik
K2: https://automyp.alexanders.dk
B3: MYP-STATUS POWER <AFDELING>
B4: =TODAY()-1 -> 45694
B6: SÆLGERKODE | C6: NAVN | D6: HITRATE | E6: "MYPOWER" | F6: "IM" | G6: "Er MYP" | H6: Ikke spurgt | I6: TOTAL
B7: 381554 | C7: Alexander | D7: =IFERROR((E7+G7+F7*0.5)/I7, "n/a") -> n/a | E7: =COUNTIFS('myp-data'!$B:$B, $B7, 'myp-data'!$F:$F, 3) -> 0 | F7: =COUNTIFS('myp-data'!$B:$B, $B7, 'myp-data'!$F:$F, 2) -> 0 | G7: =COUNTIFS('myp-data'!$B:$B, $B7, 'myp-data'!$F:$F, 1) -> 0 | H7: =COUNTIFS('myp-data'!$B:$B, $B7, 'myp-data'!$F:$F, 0) -> 0 | I7: =SUM(E7:H7) -> 0
B8: 386925 | C8: Julie A. | D8: =IFERROR((E8+G8+F8*0.5)/I8, "n/a") -> n/a | E8: =COUNTIFS('myp-data'!$B:$B, $B8, 'myp-data'!$F:$F, 3) -> 0 | F8: =COUNTIFS('myp-data'!$B:$B, $B8, 'myp-data'!$F:$F, 2) -> 0 | G8: =COUNTIFS('myp-data'!$B:$B, $B8, 'myp-data'!$F:$F, 1) -> 0 | H8: =COUNTIFS('myp-data'!$B:$B, $B8, 'myp-data'!$F:$F, 0) -> 0 | I8: =SUM(E8:H8) -> 0
B9: 389563 | C9: Søren E. | D9: =IFERROR((E9+G9+F9*0.5)/I9, "n/a") -> n/a | E9: =COUNTIFS('myp-data'!$B:$B, $B9, 'myp-data'!$F:$F, 3) -> 0 | F9: =COUNTIFS('myp-data'!$B:$B, $B9, 'myp-data'!$F:$F, 2) -> 0 | G9: =COUNTIFS('myp-data'!$B:$B, $B9, 'myp-data'!$F:$F, 1) -> 0 | H9: =COUNTIFS('myp-data'!$B:$B, $B9, 'myp-data'!$F:$F, 0) -> 0 | I9: =SUM(E9:H9) -> 0
B10: 388433 | C10: Peter O. | D10: =IFERROR((E10+G10+F10*0.5)/I10, "n/a") -> n/a | E10: =COUNTIFS('myp-data'!$B:$B, $B10, 'myp-data'!$F:$F, 3) -> 0 | F10: =COUNTIFS('myp-data'!$B:$B, $B10, 'myp-data'!$F:$F, 2) -> 0 | G10: =COUNTIFS('myp-data'!$B:$B, $B10, 'myp-data'!$F:$F, 1) -> 0 | H10: =COUNTIFS('myp-data'!$B:$B, $B10, 'myp-data'!$F:$F, 0) -> 0 | I10: =SUM(E10:H10) -> 0
D11: =IFERROR((E11+G11+F11*0.5)/I11, "n/a") -> n/a | E11: =COUNTIFS('myp-data'!$B:$B, $B11, 'myp-data'!$F:$F, 3) -> 0 | F11: =COUNTIFS('myp-data'!$B:$B, $B11, 'myp-data'!$F:$F, 2) -> 0 | G11: =COUNTIFS('myp-data'!$B:$B, $B11, 'myp-data'!$F:$F, 1) -> 0 | H11: =COUNTIFS('myp-data'!$B:$B, $B11, 'myp-data'!$F:$F, 0) -> 0 | I11: =SUM(E11:H11) -> 0
D12: =IFERROR((E12+G12+F12*0.5)/I12, "n/a") -> n/a | E12: =COUNTIFS('myp-data'!$B:$B, $B12, 'myp-data'!$F:$F, 3) -> 0 | F12: =COUNTIFS('myp-data'!$B:$B, $B12, 'myp-data'!$F:$F, 2) -> 0 | G12: =COUNTIFS('myp-data'!$B:$B, $B12, 'myp-data'!$F:$F, 1) -> 0 | H12: =COUNTIFS('myp-data'!$B:$B, $B12, 'myp-data'!$F:$F, 0) -> 0 | I12: =SUM(E12:H12) -> 0
D13: =IFERROR((E13+G13+F13*0.5)/I13, "n/a") -> n/a | E13: =COUNTIFS('myp-data'!$B:$B, $B13, 'myp-data'!$F:$F, 3) -> 0 | F13: =COUNTIFS('myp-data'!$B:$B, $B13, 'myp-data'!$F:$F, 2) -> 0 | G13: =COUNTIFS('myp-data'!$B:$B, $B13, 'myp-data'!$F:$F, 1) -> 0 | H13: =COUNTIFS('myp-data'!$B:$B, $B13, 'myp-data'!$F:$F, 0) -> 0 | I13: =SUM(E13:H13) -> 0
D14: =IFERROR((E14+G14+F14*0.5)/I14, "n/a") -> n/a | E14: =COUNTIFS('myp-data'!$B:$B, $B14, 'myp-data'!$F:$F, 3) -> 0 | F14: =COUNTIFS('myp-data'!$B:$B, $B14, 'myp-data'!$F:$F, 2) -> 0 | G14: =COUNTIFS('myp-data'!$B:$B, $B14, 'myp-data'!$F:$F, 1) -> 0 | H14: =COUNTIFS('myp-data'!$B:$B, $B14, 'myp-data'!$F:$F, 0) -> 0 | I14: =SUM(E14:H14) -> 0
D15: =IFERROR((E15+G15+F15*0.5)/I15, "n/a") -> n/a | E15: =COUNTIFS('myp-data'!$B:$B, $B15, 'myp-data'!$F:$F, 3) -> 0 | F15: =COUNTIFS('myp-data'!$B:$B, $B15, 'myp-data'!$F:$F, 2) -> 0 | G15: =COUNTIFS('myp-data'!$B:$B, $B15, 'myp-data'!$F:$F, 1) -> 0 | H15: =COUNTIFS('myp-data'!$B:$B, $B15, 'myp-data'!$F:$F, 0) -> 0 | I15: =SUM(E15:H15) -> 0
D16: =IFERROR((E16+G16+F16*0.5)/I16, "n/a") -> n/a | E16: =COUNTIFS('myp-data'!$B:$B, $B16, 'myp-data'!$F:$F, 3) -> 0 | F16: =COUNTIFS('myp-data'!$B:$B, $B16, 'myp-data'!$F:$F, 2) -> 0 | G16: =COUNTIFS('myp-data'!$B:$B, $B16, 'myp-data'!$F:$F, 1) -> 0 | H16: =COUNTIFS('myp-data'!$B:$B, $B16, 'myp-data'!$F:$F, 0) -> 0 | I16: =SUM(E16:H16) -> 0
D17: =IFERROR((E17+G17+F17*0.5)/I17, "n/a") -> n/a | E17: =COUNTIFS('myp-data'!$B:$B, $B17, 'myp-data'!$F:$F, 3) -> 0 | F17: =COUNTIFS('myp-data'!$B:$B, $B17, 'myp-data'!$F:$F, 2) -> 0 | G17: =COUNTIFS('myp-data'!$B:$B, $B17, 'myp-data'!$F:$F, 1) -> 0 | H17: =COUNTIFS('myp-data'!$B:$B, $B17, 'myp-data'!$F:$F, 0) -> 0 | I17: =SUM(E17:H17) -> 0
D18: =IFERROR((E18+G18+F18*0.5)/I18, "n/a") -> n/a | E18: =COUNTIFS('myp-data'!$B:$B, $B18, 'myp-data'!$F:$F, 3) -> 0 | F18: =COUNTIFS('myp-data'!$B:$B, $B18, 'myp-data'!$F:$F, 2) -> 0 | G18: =COUNTIFS('myp-data'!$B:$B, $B18, 'myp-data'!$F:$F, 1) -> 0 | H18: =COUNTIFS('myp-data'!$B:$B, $B18, 'myp-data'!$F:$F, 0) -> 0 | I18: =SUM(E18:H18) -> 0
D19: =IFERROR((E19+G19+F19*0.5)/I19, "n/a") -> n/a | E19: =COUNTIFS('myp-data'!$B:$B, $B19, 'myp-data'!$F:$F, 3) -> 0 | F19: =COUNTIFS('myp-data'!$B:$B, $B19, 'myp-data'!$F:$F, 2) -> 0 | G19: =COUNTIFS('myp-data'!$B:$B, $B19, 'myp-data'!$F:$F, 1) -> 0 | H19: =COUNTIFS('myp-data'!$B:$B, $B19, 'myp-data'!$F:$F, 0) -> 0 | I19: =SUM(E19:H19) -> 0
D20: =IFERROR((E20+G20+F20*0.5)/I20, "n/a") -> n/a | E20: =COUNTIFS('myp-data'!$B:$B, $B20, 'myp-data'!$F:$F, 3) -> 0 | F20: =COUNTIFS('myp-data'!$B:$B, $B20, 'myp-data'!$F:$F, 2) -> 0 | G20: =COUNTIFS('myp-data'!$B:$B, $B20, 'myp-data'!$F:$F, 1) -> 0 | H20: =COUNTIFS('myp-data'!$B:$B, $B20, 'myp-data'!$F:$F, 0) -> 0 | I20: =SUM(E20:H20) -> 0
D21: =IFERROR((E21+G21+F21*0.5)/I21, "n/a") -> n/a | E21: =COUNTIFS('myp-data'!$B:$B, $B21, 'myp-data'!$F:$F, 3) -> 0 | F21: =COUNTIFS('myp-data'!$B:$B, $B21, 'myp-data'!$F:$F, 2) -> 0 | G21: =COUNTIFS('myp-data'!$B:$B, $B21, 'myp-data'!$F:$F, 1) -> 0 | H21: =COUNTIFS('myp-data'!$B:$B, $B21, 'myp-data'!$F:$F, 0) -> 0 | I21: =SUM(E21:H21) -> 0
D22: =IFERROR((E22+G22+F22*0.5)/I22, "n/a") -> n/a | E22: =COUNTIFS('myp-data'!$B:$B, $B22, 'myp-data'!$F:$F, 3) -> 0 | F22: =COUNTIFS('myp-data'!$B:$B, $B22, 'myp-data'!$F:$F, 2) -> 0 | G22: =COUNTIFS('myp-data'!$B:$B, $B22, 'myp-data'!$F:$F, 1) -> 0 | H22: =COUNTIFS('myp-data'!$B:$B, $B22, 'myp-data'!$F:$F, 0) -> 0 | I22: =SUM(E22:H22) -> 0
... D53: =IFERROR((E53+G53+F53*0.5)/I53, "n/a") -> n/a | E53: =COUNTIFS('myp-data'!$B:$B, $B53, 'myp-data'!$F:$F, 3) -> 0 | F53: =COUNTIFS('myp-data'!$B:$B, $B53, 'myp-data'!$F:$F, 2) -> 0 | G53: =COUNTIFS('myp-data'!$B:$B, $B53, 'myp-data'!$F:$F, 1) -> 0 | H53: =COUNTIFS('myp-data'!$B:$B, $B53, 'myp-data'!$F:$F, 0) -> 0 | I53: =SUM(E53:H53) -> 0

Sheet myp-data
